algorithm,node_count,key_count,request_count,workload,zipf_parameter,alpha,candidate_count,virtual_nodes,seed,mean_load,max_load,load_stddev,peak_to_average,jain_fairness,p95_node_load,p99_node_load,routing_time_sec,routing_ops_sec,mean_routing_time_us,p95_routing_time_us,p99_routing_time_us,build_time_sec,membership_rebuild_time_sec,memory_peak_bytes,membership_add_remap_pct,membership_remove_remap_pct,load_reassignment_pct,sensitivity_type,sensitivity_parameter,notes,experiment_name
CH,5,10000,1000,uniform,0.0,1.25,2,100,42,200.0,245.0,25.099800796022265,1.225,0.9844942160964805,237.2,243.44,0.010061300010420382,99390.73469276441,8.573999744839966,13.410040992312124,29.20204715337604,5.999463610351086e-07,0.09176889999071136,114184,18.08,20.1,0.0,candidate,,primary ownership tracked separately from actual routed destination,sensitivity
RH,5,10000,1000,uniform,0.0,1.25,2,100,42,200.0,216.0,14.791889669680478,1.08,0.9945597581230669,215.6,215.92,0.050055300001986325,19977.904436899138,47.71490040002391,110.22002436220644,185.3180141188204,2.00001522898674e-07,0.5380701000103727,111976,16.45,19.9,0.0,candidate,,primary ownership tracked separately from actual routed destination,sensitivity
LoadAwareCH,5,10000,1000,uniform,0.0,1.25,2,100,42,200.0,231.0,19.503845774615836,1.155,0.9905795881170073,227.2,230.24,0.03354929998749867,29806.88122770447,31.282699608709663,53.15499729476864,109.79601996950797,4.00003045797348e-07,0.10564960003830492,111880,18.08,20.1,2.0,candidate,,primary ownership tracked separately from actual routed destination,sensitivity
CH,5,10000,1000,zipf,1.0,1.25,2,100,42,200.0,306.0,61.91607222684591,1.53,0.9125419769309389,291.59999999999997,303.12,0.009222400025464594,108431.64439178871,8.058299077674747,13.599987141788006,23.703005863353606,7.00005330145359e-07,0.08272810000926256,69730,18.08,20.1,0.0,candidate,,primary ownership tracked separately from actual routed destination,sensitivity
RH,5,10000,1000,zipf,1.0,1.25,2,100,42,200.0,277.0,53.98518315241692,1.385,0.9320880636802565,271.8,275.96,0.043269400019198656,23111.020711086807,41.47910018218681,80.23497066460547,153.63000507932153,2.00001522898674e-07,0.6200215999851935,70072,16.45,19.9,0.0,candidate,,primary ownership tracked separately from actual routed destination,sensitivity
LoadAwareCH,5,10000,1000,zipf,1.0,1.25,2,100,42,200.0,249.0,33.893952262903774,1.245,0.9720818104051637,245.4,248.28,0.02918740001041442,34261.359341468844,27.61129994178191,64.71002416219561,102.60396695230156,3.00002284348011e-07,0.14570500003173947,69738,18.08,20.1,9.0,candidate,,primary ownership tracked separately from actual routed destination,sensitivity
CH,5,10000,1000,uniform,0.0,1.25,4,100,42,200.0,245.0,25.099800796022265,1.225,0.9844942160964805,237.2,243.44,0.021808099991176277,45854.52196223456,19.019300932995975,39.3100082874298,50.455976743251036,5.00003807246685e-07,0.17543700005626306,111856,18.08,20.1,0.0,candidate,,primary ownership tracked separately from actual routed destination,sensitivity
RH,5,10000,1000,uniform,0.0,1.25,4,100,42,200.0,216.0,14.791889669680478,1.08,0.9945597581230669,215.6,215.92,0.03734529996290803,26777.13128541521,35.56960052810609,59.11003972869366,93.51001353934406,2.00001522898674e-07,0.6233581000124104,111856,16.45,19.9,0.0,candidate,,primary ownership tracked separately from actual routed destination,sensitivity
LoadAwareCH,5,10000,1000,uniform,0.0,1.25,4,100,42,200.0,231.0,19.503845774615836,1.155,0.9905795881170073,227.2,230.24,0.05713670002296567,17501.885821163236,53.663999191485345,103.41497254557906,163.12596155330536,3.00002284348011e-07,0.15079260000493377,111880,18.08,20.1,2.0,candidate,,primary ownership tracked separately from actual routed destination,sensitivity
CH,5,10000,1000,zipf,1.0,1.25,4,100,42,200.0,306.0,61.91607222684591,1.53,0.9125419769309389,291.59999999999997,303.12,0.015243600006215274,65601.30150307473,13.297499681357294,19.80997622013091,27.107974165119224,4.00003045797348e-07,0.1501806000014767,69730,18.08,20.1,0.0,candidate,,primary ownership tracked separately from actual routed destination,sensitivity
RH,5,10000,1000,zipf,1.0,1.25,4,100,42,200.0,277.0,53.98518315241692,1.385,0.9320880636802565,271.8,275.96,0.09568800003034994,10450.631214810885,92.23140130052343,150.20497958175838,178.8089651381597,2.00001522898674e-07,0.6316797999897972,70072,16.45,19.9,0.0,candidate,,primary ownership tracked separately from actual routed destination,sensitivity
LoadAwareCH,5,10000,1000,zipf,1.0,1.25,4,100,42,200.0,249.0,33.893952262903774,1.245,0.9720818104051637,245.4,248.28,0.02737540000816807,36529.14659517769,25.690900103654712,50.1150294439867,78.30701360944659,2.00001522898674e-07,0.11745000001974404,70116,18.08,20.1,9.0,candidate,,primary ownership tracked separately from actual routed destination,sensitivity
CH,5,10000,1000,uniform,0.0,1.25,8,100,42,200.0,245.0,25.099800796022265,1.225,0.9844942160964805,237.2,243.44,0.013570599956437945,73688.70965248637,11.768799915444106,18.399968394078314,32.82095945905892,5.00003807246685e-07,0.12386900000274181,111856,18.08,20.1,0.0,candidate,,primary ownership tracked separately from actual routed destination,sensitivity
RH,5,10000,1000,uniform,0.0,1.25,8,100,42,200.0,216.0,14.791889669680478,1.08,0.9945597581230669,215.6,215.92,0.08588120003696531,11643.991928030538,82.42890040855855,159.79999443516135,195.52297599148002,1.00000761449337e-07,0.549238300009165,111856,16.45,19.9,0.0,candidate,,primary ownership tracked separately from actual routed destination,sensitivity
LoadAwareCH,5,10000,1000,uniform,0.0,1.25,8,100,42,200.0,231.0,19.503845774615836,1.155,0.9905795881170073,227.2,230.24,0.08767430001171306,11405.85097190856,84.75159847876057,104.61503698024897,1673.2349846279237,3.00002284348011e-07,0.09119150001788512,111880,18.08,20.1,2.0,candidate,,primary ownership tracked separately from actual routed destination,sensitivity
CH,5,10000,1000,zipf,1.0,1.25,8,100,42,200.0,306.0,61.91607222684591,1.53,0.9125419769309389,291.59999999999997,303.12,0.009365600009914488,106773.72500869066,8.1783005152829,13.299984857439995,29.714992851950214,2.00001522898674e-07,0.08994400000665337,69730,18.08,20.1,0.0,candidate,,primary ownership tracked separately from actual routed destination,sensitivity
RH,5,10000,1000,zipf,1.0,1.25,8,100,42,200.0,277.0,53.98518315241692,1.385,0.9320880636802565,271.8,275.96,0.04190699994796887,23862.36192620769,40.14670039759949,73.31003434956072,143.54298706166443,2.00001522898674e-07,0.5724266999750398,70072,16.45,19.9,0.0,candidate,,primary ownership tracked separately from actual routed destination,sensitivity
LoadAwareCH,5,10000,1000,zipf,1.0,1.25,8,100,42,200.0,249.0,33.893952262903774,1.245,0.9720818104051637,245.4,248.28,0.07822289998875931,12783.980140645524,76.5090006752871,629.3549609836189,1034.219958819449,2.00001522898674e-07,0.09362509998027235,70212,18.08,20.1,9.0,candidate,,primary ownership tracked separately from actual routed destination,sensitivity
